Titre original,Titre français,URL affiche,Genres,Réalisateur,Photo réal,Acteur/Actrice principal(e),Photo acteur,Année de sortie
Blade Runner 2049,Blade Runner 2049,https://image.tmdb.org/t/p/w500/gajva2L0rPYkEWjzgFlBXCAVBE5.jpg,"Science Fiction, Drama",Denis Villeneuve,https://image.tmdb.org/t/p/w185/zdDx9Xs93UIrJFWYApYR28J8M6b.jpg,Ryan Gosling,https://image.tmdb.org/t/p/w185/asoKC7CLCqpZKZDL6iovNurQUdf.jpg,2017
Dunkirk,Dunkerque,https://image.tmdb.org/t/p/w500/b4Oe15CGLL61Ped0RAS9JpqdmCt.jpg,"War, Action, Drama",Christopher Nolan,https://image.tmdb.org/t/p/w185/xuAIuYSmsUzKlUMBFGVZaWsY3DZ.jpg,Fionn Whitehead,https://image.tmdb.org/t/p/w185/2JjRhwG6BEWeF4n9TlvDEDzlP5P.jpg,2017
Wonder Woman,Wonder Woman,https://image.tmdb.org/t/p/w500/v4ncgZjG2Zu8ZW5al1vIZTsSjqX.jpg,"Action, Adventure, Fantasy",Patty Jenkins,https://image.tmdb.org/t/p/w185/za4JYxjctECHLJJel3lEFPsbeht.jpg,Gal Gadot,https://image.tmdb.org/t/p/w185/qCJB1ACi5VjtY4ypXuv3hjAvbSu.jpg,2017
Underworld: Blood Wars,Underworld : Blood Wars,https://image.tmdb.org/t/p/w500/v1ciDCWMG47gdT4kMyjyQbnLQQn.jpg,"Fantasy, Action, Thriller, Science Fiction",Anna Foerster,https://image.tmdb.org/t/p/w185/yTQF3fF3PCbP3O5QMVkUzKcq34T.jpg,Kate Beckinsale,https://image.tmdb.org/t/p/w185/s8XboSrYMSItcCHXwYCyZPOz8Jx.jpg,2016
Captain Marvel,Captain Marvel,https://image.tmdb.org/t/p/w500/AtsgWhDnHTq68L0lLsUrCnM7TjG.jpg,"Action, Adventure, Science Fiction",Ryan Fleck,https://image.tmdb.org/t/p/w185/28EMTivPGStNxDivgUP8PSpOrof.jpg,Brie Larson,https://image.tmdb.org/t/p/w185/xSGvMwNNJcEQvVcjiIUTyxyMfkZ.jpg,2019
GoodFellas,Les Affranchis,https://image.tmdb.org/t/p/w500/aKuFiU82s5ISJpGZp7YkIr3kCUd.jpg,"Drama, Crime",Martin Scorsese,https://image.tmdb.org/t/p/w185/9U9Y5GQuWX3EZy39B8nkk4NY01S.jpg,Robert De Niro,https://image.tmdb.org/t/p/w185/cT8htcckIuyI1Lqwt1CvD02ynTh.jpg,1990
65,65 : La Terre d'avant,https://image.tmdb.org/t/p/w500/rzRb63TldOKdKydCvWJM8B6EkPM.jpg,"Action, Adventure, Science Fiction",Bryan Woods,https://image.tmdb.org/t/p/w185/4rPYnBaMTv5P0L1HoxOIuQoqliR.jpg,Adam Driver,https://image.tmdb.org/t/p/w185/rsjwgpV2OukxOJ9HEiEyf4qu1vR.jpg,2023
The Girl on the Train,La Fille du train,https://image.tmdb.org/t/p/w500/AhTO2QWG0tug7yDoh0XoaMhPt3J.jpg,"Thriller, Mystery, Drama, Crime",Tate Taylor,https://image.tmdb.org/t/p/w185/iupMPA0UwdFAO66fjlsHF1iZlT5.jpg,Emily Blunt,https://image.tmdb.org/t/p/w185/5nCSG5TL1bP1geD8aaBfaLnLLCD.jpg,2016
The Karate Kid,Karaté Kid,https://image.tmdb.org/t/p/w500/qV8xTWfknTOSErSa0b9Iay2QztS.jpg,"Action, Adventure, Drama, Family",Harald Zwart,https://image.tmdb.org/t/p/w185/1ncMe83Yo8SAj2o8z71eGQUPMBK.jpg,Jaden Smith,https://image.tmdb.org/t/p/w185/9DoxXYjXTb9SGH2kkWNOtqmi2Ve.jpg,2010
Black Widow,Black Widow,https://image.tmdb.org/t/p/w500/kwB7d51AIcyzPOBOHLCEZJkmPhQ.jpg,"Action, Adventure, Science Fiction",Cate Shortland,https://image.tmdb.org/t/p/w185/b9pfbBKyYcsBZHAcjY8iIdTXclY.jpg,Scarlett Johansson,https://image.tmdb.org/t/p/w185/6NsMbJXRlDZuDzatN2akFdGuTvx.jpg,2021
Gerald's Game,Jessie,https://image.tmdb.org/t/p/w500/32dippiypDdaKv7XFEfUlQ7kPup.jpg,"Horror, Thriller",Mike Flanagan,https://image.tmdb.org/t/p/w185/85q5HSDoltjvg1ES0eToNlLjfPB.jpg,Carla Gugino,https://image.tmdb.org/t/p/w185/7lSH5LOexOHwvt9lOTsLTbXdU1G.jpg,2017
Colossal,Colossal,https://image.tmdb.org/t/p/w500/4VOyofBd1pexblxtDZYtYIk7NI4.jpg,"Drama, Fantasy, Science Fiction",Nacho Vigalondo,https://image.tmdb.org/t/p/w185/ydoLch061IWUMdIi5CkbKnFIph8.jpg,Anne Hathaway,https://image.tmdb.org/t/p/w185/s6tflSD20MGz04ZR2R1lZvhmC4Y.jpg,2017
Good Time,Good Time,https://image.tmdb.org/t/p/w500/yE1c9hj5Hf8a9KplAdRdhADqUro.jpg,"Crime, Thriller, Drama",Benny Safdie,https://image.tmdb.org/t/p/w185/9tp4PLNyYPNfCJOWBXPPalWIpnq.jpg,Robert Pattinson,https://image.tmdb.org/t/p/w185/3qZ09UE7lN6AtorfXFRYpEtSY93.jpg,2017
The Social Network,The Social Network,https://image.tmdb.org/t/p/w500/n0ybibhJtQ5icDqTp8eRytcIHJx.jpg,Drama,David Fincher,https://image.tmdb.org/t/p/w185/tpEczFclQZeKAiCeKZZ0adRvtfz.jpg,Jesse Eisenberg,https://image.tmdb.org/t/p/w185/yYhwWRcxDHTn63gSEF1vnDAD7cD.jpg,2010
Angel Has Fallen,La Chute du Président,https://image.tmdb.org/t/p/w500/fapXd3v9qTcNBTm39ZC4KUVQDNf.jpg,"Action, Thriller",Ric Roman Waugh,https://image.tmdb.org/t/p/w185/cu0MJd4exIgSLgaE0uwMDTFQcpA.jpg,Gerard Butler,https://image.tmdb.org/t/p/w185/n7sTgAGHyL3u9KIOVWjVLRA1fyi.jpg,2019
Moonlight,Moonlight,https://image.tmdb.org/t/p/w500/rcICfiL9fvwRjoWHxW8QeroLYrJ.jpg,Drama,Barry Jenkins,https://image.tmdb.org/t/p/w185/6nld5eQwiJmuLmyesk4EUeCaoo3.jpg,Trevante Rhodes,https://image.tmdb.org/t/p/w185/mx11nZOnT5nZbuzFi3TPVBQBZr.jpg,2016
The Accountant,Mr Wolff,https://image.tmdb.org/t/p/w500/fceheXB5fC4WrLVuWJ6OZv9FXYr.jpg,"Crime, Thriller, Drama",Gavin O'Connor,https://image.tmdb.org/t/p/w185/zf3MHvbf2uKC4UbsuFHQYLz48g.jpg,Ben Affleck,https://image.tmdb.org/t/p/w185/aTcqu8cI4wMohU17xTdqmXKTGrw.jpg,2016
My Fault,À contre-sens,https://image.tmdb.org/t/p/w500/w46Vw536HwNnEzOa7J24YH9DPRS.jpg,"Romance, Drama",Domingo González,https://image.tmdb.org/t/p/w185/bTf1OPwNZSIbVHl7SII6Yv429G4.jpg,Nicole Wallace,https://image.tmdb.org/t/p/w185/xlvq6OYCN6yQef4fpJQtwVyQxqr.jpg,2023
Avengers: Infinity War,Avengers : Infinity War,https://image.tmdb.org/t/p/w500/7WsyChQLEftFiDOVTGkv3hFpyyt.jpg,"Adventure, Action, Science Fiction",Joe Russo,https://image.tmdb.org/t/p/w185/o0OXjFzL10jCy89iAs7UzzSbyoK.jpg,Robert Downey Jr.,https://image.tmdb.org/t/p/w185/5qHNjhtjMD4YWH3UP0rm4tKwxCL.jpg,2018
The Room,The Room,https://image.tmdb.org/t/p/w500/oGI3QSsY4XsmUzuNYUQBQDdjuaP.jpg,"Drama, Romance",Tommy Wiseau,https://image.tmdb.org/t/p/w185/mDiPtAoCFOM2NoHI0Jx1Zh2t5rV.jpg,Tommy Wiseau,https://image.tmdb.org/t/p/w185/mDiPtAoCFOM2NoHI0Jx1Zh2t5rV.jpg,2003
A Quiet Place,Sans un bruit,https://image.tmdb.org/t/p/w500/nAU74GmpUk7t5iklEp3bufwDq4n.jpg,"Horror, Drama, Science Fiction",John Krasinski,https://image.tmdb.org/t/p/w185/pmVGDb6Yl6OyFcHVGbu1EYNfyFK.jpg,Emily Blunt,https://image.tmdb.org/t/p/w185/5nCSG5TL1bP1geD8aaBfaLnLLCD.jpg,2018
Titanic,Titanic,https://image.tmdb.org/t/p/w500/9xjZS2rlVxm8SFx8kPC3aIGCOYQ.jpg,"Drama, Romance",James Cameron,https://image.tmdb.org/t/p/w185/9NAZnTjBQ9WcXAQEzZpKy4vdQto.jpg,Leonardo DiCaprio,https://image.tmdb.org/t/p/w185/ts9l18VkDSooRGDWIeQegNVHciC.jpg,1997
Sound of Freedom,Le son de la liberté,https://image.tmdb.org/t/p/w500/kSf9svfL2WrKeuK8W08xeR5lTn8.jpg,"Action, Drama",Alejandro Monteverde,https://image.tmdb.org/t/p/w185/v1LQRHONmo6OyAl8OWcJQaTNHGg.jpg,Jim Caviezel,https://image.tmdb.org/t/p/w185/3dwavYsGYA6zzzipfdLIHbudIZW.jpg,2023
Spider-Man: Homecoming,Spider-Man : Homecoming,https://image.tmdb.org/t/p/w500/c24sv2weTHPsmDa7jEMN0m2P3RT.jpg,"Action, Adventure, Science Fiction, Drama",Jon Watts,https://image.tmdb.org/t/p/w185/fkXChMX6CUXY1yOxBehAzvaTCl7.jpg,Tom Holland,https://image.tmdb.org/t/p/w185/bBRlrpJm9XkNSg0YT5LCaxqoFMX.jpg,2017
The Lion King,Le Roi Lion,https://image.tmdb.org/t/p/w500/dzBtMocZuJbjLOXvrl4zGYigDzh.jpg,"Adventure, Drama, Family, Animation",Jon Favreau,https://image.tmdb.org/t/p/w185/tnx7iMVydPQXGOoLsxXl84PXtbA.jpg,Chiwetel Ejiofor,https://image.tmdb.org/t/p/w185/kq5DDnqqofoRI0t6ddtRlsJnNPT.jpg,2019
The Blair Witch Project,Le Projet Blair Witch,https://image.tmdb.org/t/p/w500/9050VGrYjYrEjpOvDZVAngLbg1f.jpg,"Horror, Mystery",Daniel Myrick,https://image.tmdb.org/t/p/w185/xD4LswCRryKDBKToVDWs1WTmNGj.jpg,Rei Hance,https://image.tmdb.org/t/p/w185/Ootqoaw1eJF9cJ38FfAgblgJjh.jpg,1999
Beauty and the Beast,La Belle et la Bête,https://image.tmdb.org/t/p/w500/hKegSKIDep2ewJWPUQD7u0KqFIp.jpg,"Family, Fantasy, Romance",Bill Condon,https://image.tmdb.org/t/p/w185/dk7EK0mbUxgoDr7ki9kgYHu4cZs.jpg,Emma Watson,https://image.tmdb.org/t/p/w185/A14lLCZYDhfYdBa0fFRpwMDiwRN.jpg,2017
xXx,xXx,https://image.tmdb.org/t/p/w500/xeEw3eLeSFmJgXZzmF2Efww0q3s.jpg,"Action, Adventure, Thriller, Crime",Rob Cohen,https://image.tmdb.org/t/p/w185/kVbB8Q0g8eXsn8l81flyC6TgMPW.jpg,Vin Diesel,https://image.tmdb.org/t/p/w185/nZdVry7lnUkE24PnXakok9okvL4.jpg,2002
The Shawshank Redemption,Les Évadés,https://image.tmdb.org/t/p/w500/9cqNxx0GxF0bflZmeSMuL5tnGzr.jpg,"Drama, Crime",Frank Darabont,https://image.tmdb.org/t/p/w185/vZ50guP86otYTiBSGfi35GNHWVf.jpg,Morgan Freeman,https://image.tmdb.org/t/p/w185/jPsLqiYGSofU4s6BjrxnefMfabb.jpg,1994
Avengers: Endgame,Avengers : Endgame,https://image.tmdb.org/t/p/w500/ulzhLuWrPK07P1YkdWQLZnQh1JL.jpg,"Adventure, Science Fiction, Action",Joe Russo,https://image.tmdb.org/t/p/w185/o0OXjFzL10jCy89iAs7UzzSbyoK.jpg,Robert Downey Jr.,https://image.tmdb.org/t/p/w185/5qHNjhtjMD4YWH3UP0rm4tKwxCL.jpg,2019
Spider-Man: No Way Home,Spider-Man : No Way Home,https://image.tmdb.org/t/p/w500/1g0dhYtq4irTY1GPXvft6k4YLjm.jpg,"Action, Adventure, Science Fiction",Jon Watts,https://image.tmdb.org/t/p/w185/fkXChMX6CUXY1yOxBehAzvaTCl7.jpg,Tom Holland,https://image.tmdb.org/t/p/w185/bBRlrpJm9XkNSg0YT5LCaxqoFMX.jpg,2021
Brooklyn,Brooklyn,https://image.tmdb.org/t/p/w500/cs7W8j5lI7qzRW6tKSj9p1Q0Ze7.jpg,"Romance, Drama, History",John Crowley,https://image.tmdb.org/t/p/w185/2s24bopQ131ZTF3lrBLRFKMHPQG.jpg,Saoirse Ronan,https://image.tmdb.org/t/p/w185/9buDPdqKN9vbnQLLkHEinDtMrCG.jpg,2015
Star Wars: The Last Jedi,Star Wars : Les Derniers Jedi,https://image.tmdb.org/t/p/w500/kOVEVeg59E0wsnXmF9nrh6OmWII.jpg,"Adventure, Action, Science Fiction",Rian Johnson,https://image.tmdb.org/t/p/w185/uPWwvdppeZVKPbYcjXKU8zyuAVh.jpg,Mark Hamill,https://image.tmdb.org/t/p/w185/2ZulC2Ccq1yv3pemusks6Zlfy2s.jpg,2017
Shrek,Shrek,https://image.tmdb.org/t/p/w500/EKERKucZeBrkrR8xLDTkr5FeDc.jpg,"Animation, Comedy, Fantasy, Adventure, Family",Andrew Adamson,https://image.tmdb.org/t/p/w185/qqIAVKAe5LHRbPyZUlptsqlo4Kb.jpg,Mike Myers,https://image.tmdb.org/t/p/w185/gjfDl52Kk02MPgUYFjs9bOy33OY.jpg,2001
Guardians of the Galaxy Vol. 2,Les Gardiens de la Galaxie Vol. 2,https://image.tmdb.org/t/p/w500/y4MBh0EjBlMuOzv9axM4qJlmhzz.jpg,"Science Fiction, Adventure, Action",James Gunn,https://image.tmdb.org/t/p/w185/2kFzvqCGeYBrgbuuvvyGE75d9gM.jpg,Chris Pratt,https://image.tmdb.org/t/p/w185/cRH6HPAQ98PlOwwEvhYO4CM9lwu.jpg,2017
True Romance,True Romance,https://image.tmdb.org/t/p/w500/39lXk6ud6KiJgGbbWI2PUKS7y2.jpg,"Action, Crime, Romance",Tony Scott,https://image.tmdb.org/t/p/w185/5PYRgW97xk9iNVC8dS0seoIliRR.jpg,Christian Slater,https://image.tmdb.org/t/p/w185/6ww3uweEEXMlvtNjTlgBHxLErPF.jpg,1993
Harry Potter and the Philosopher's Stone,Harry Potter à l'école des sorciers,https://image.tmdb.org/t/p/w500/wuMc08IPKEatf9rnMNXvIDxqP4W.jpg,"Adventure, Fantasy",Chris Columbus,https://image.tmdb.org/t/p/w185/yCyEz90NqjEXKZ7HYcEhDXlLlPc.jpg,Daniel Radcliffe,https://image.tmdb.org/t/p/w185/iPg0J9UzAlPj1fLEJNllpW9IhGe.jpg,2001
The Green Mile,La Ligne verte,https://image.tmdb.org/t/p/w500/8VG8fDNiy50H4FedGwdSVUPoaJe.jpg,"Fantasy, Drama, Crime",Frank Darabont,https://image.tmdb.org/t/p/w185/vZ50guP86otYTiBSGfi35GNHWVf.jpg,Tom Hanks,https://image.tmdb.org/t/p/w185/eKF1sGJRrZJbfBG1KirPt1cfNd3.jpg,1999
Schindler's List,La Liste de Schindler,https://image.tmdb.org/t/p/w500/sF1U4EUQS8YHUYjNl3pMGNIQyr0.jpg,"Drama, History, War",Steven Spielberg,https://image.tmdb.org/t/p/w185/tZxcg19YQ3e8fJ0pOs7hjlnmmr6.jpg,Liam Neeson,https://image.tmdb.org/t/p/w185/sRLev3wJioBgun3ZoeAUFpkLy0D.jpg,1993
"The Chronicles of Narnia: The Lion, the Witch and the Wardrobe","Le Monde de Narnia : Le Lion, la sorcière blanche et l'armoire magique",https://image.tmdb.org/t/p/w500/iREd0rNCjYdf5Ar0vfaW32yrkm.jpg,"Adventure, Family, Fantasy",Andrew Adamson,https://image.tmdb.org/t/p/w185/qqIAVKAe5LHRbPyZUlptsqlo4Kb.jpg,William Moseley,https://image.tmdb.org/t/p/w185/6HTpmCaGhtLEY6OUhRaXYgldb0x.jpg,2005
365 Days: This Day,365 jours : Au lendemain,https://image.tmdb.org/t/p/w500/iLmG3HCXVyqXYbFvUO1rfOeGa3Z.jpg,"Romance, Drama",Barbara Białowąs,https://image.tmdb.org/t/p/w185/vhf5l82ItqfVTwioqlZv1ab0v19.jpg,Anna-Maria Sieklucka,https://image.tmdb.org/t/p/w185/c5Rhg0pewnANvLfx2fDXKTLawTb.jpg,2022
Avatar: The Way of Water,Avatar : La Voie de l'eau,https://image.tmdb.org/t/p/w500/t6HIqrRAclMCA60NsSmeqe9RmNV.jpg,"Science Fiction, Adventure, Action",James Cameron,https://image.tmdb.org/t/p/w185/9NAZnTjBQ9WcXAQEzZpKy4vdQto.jpg,Sam Worthington,https://image.tmdb.org/t/p/w185/mflBcox36s9ZPbsZPVOuhf6axaJ.jpg,2022
The Matrix,Matrix,https://image.tmdb.org/t/p/w500/dXNAPwY7VrqMAo51EKhhCJfaGb5.jpg,"Action, Science Fiction",Lana Wachowski,https://image.tmdb.org/t/p/w185/4nE4ttPQBuw1virOz0LYT08c1Vm.jpg,Keanu Reeves,https://image.tmdb.org/t/p/w185/8RZLOyYGsoRe9p44q3xin9QkMHv.jpg,1999
Batman v Superman: Dawn of Justice,Batman v Superman : L'Aube de la Justice,https://image.tmdb.org/t/p/w500/5UsK3grJvtQrtzEgqNlDljJW96w.jpg,"Action, Adventure, Fantasy",Zack Snyder,https://image.tmdb.org/t/p/w185/iD0GDqkvJXDXiNEZej198hjt3Tt.jpg,Ben Affleck,https://image.tmdb.org/t/p/w185/aTcqu8cI4wMohU17xTdqmXKTGrw.jpg,2016
Gladiator,Gladiator,https://image.tmdb.org/t/p/w500/ty8TGRuvJLPUmAR1H1nRIsgwvim.jpg,"Action, Drama, Adventure",Ridley Scott,https://image.tmdb.org/t/p/w185/zABJmN9opmqD4orWl3KSdCaSo7Q.jpg,Russell Crowe,https://image.tmdb.org/t/p/w185/fbzD4utSGJlsV8XbYMLoMdEZ1Fc.jpg,2000
Pi,Pi,https://image.tmdb.org/t/p/w500/fJA22FjlAW8rzrOw9Mwanl6oTc9.jpg,"Mystery, Drama, Thriller",Darren Aronofsky,https://image.tmdb.org/t/p/w185/tOjz8mVI2HeQBvU6KNjIExMBsXL.jpg,Sean Gullette,https://image.tmdb.org/t/p/w185/wziMZnskBjMe4Nnt1TaIaky3KMv.jpg,1998
Creep,Creep,https://image.tmdb.org/t/p/w500/qn53D574tT0YRyLgirEFHQwGUXw.jpg,"Horror, Thriller",Patrick Brice,https://image.tmdb.org/t/p/w185/8Jf2hG2L0vjvS1SFHI9NO7spbQU.jpg,Mark Duplass,https://image.tmdb.org/t/p/w185/vPSYzIfpKptYGVRH9Ki8X8tU3lo.jpg,2014
Kong: Skull Island,Kong : Skull Island,https://image.tmdb.org/t/p/w500/r2517Vz9EhDhj88qwbDVj8DCRZN.jpg,"Action, Adventure, Fantasy",Jordan Vogt-Roberts,https://image.tmdb.org/t/p/w185/wHySqvxNrI0WEdH3bFPU1nHdY7x.jpg,Tom Hiddleston,https://image.tmdb.org/t/p/w185/mclHxMm8aPlCPKptP67257F5GPo.jpg,2017
Fight Club,Fight Club,https://image.tmdb.org/t/p/w500/pB8BM7pdSp6B6Ih7QZ4DrQ3PmJK.jpg,Drama,David Fincher,https://image.tmdb.org/t/p/w185/tpEczFclQZeKAiCeKZZ0adRvtfz.jpg,Edward Norton,https://image.tmdb.org/t/p/w185/8nytsqL59SFJTVYVrN72k6qkGgJ.jpg,1999
Dark Phoenix,X-Men : Dark Phoenix,https://image.tmdb.org/t/p/w500/cCTJPelKGLhALq3r51A9uMonxKj.jpg,"Science Fiction, Action, Adventure",Simon Kinberg,https://image.tmdb.org/t/p/w185/3xvTvkIaKfU276cpajiAoGjvaaO.jpg,Sophie Turner,https://image.tmdb.org/t/p/w185/8ur4aHFakVCinWk0cvrGO8qAUhv.jpg,2019
Interstellar,Interstellar,https://image.tmdb.org/t/p/w500/gEU2QniE6E77NI6lCU6MxlNBvIx.jpg,"Adventure, Drama, Science Fiction",Christopher Nolan,https://image.tmdb.org/t/p/w185/xuAIuYSmsUzKlUMBFGVZaWsY3DZ.jpg,Matthew McConaughey,https://image.tmdb.org/t/p/w185/lCySuYjhXix3FzQdS4oceDDrXKI.jpg,2014
Sonic the Hedgehog 2,"Sonic 2, le film",https://image.tmdb.org/t/p/w500/6DrHO1jr3qVrViUO6s6kFiAGM7.jpg,"Action, Adventure, Family, Comedy",Jeff Fowler,https://image.tmdb.org/t/p/w185/wExdubFgeBkEUP8MojKPKoOcgdZ.jpg,Ben Schwartz,https://image.tmdb.org/t/p/w185/lJVYjPj0P6uvVxNrTy4xO2645D0.jpg,2022
Balto,"Balto : Chien-loup, héros des neiges",https://image.tmdb.org/t/p/w500/dCVcdb5oxDizqFLz0F7TE60NoC9.jpg,"Family, Animation, Adventure",Simon Wells,https://image.tmdb.org/t/p/w185/1p3DWHCJ8XzfvYRgxlhPnLDAeDy.jpg,Kevin Bacon,https://image.tmdb.org/t/p/w185/rjX2Oz3tCZMfSwOoIAyEhdtXnTE.jpg,1995
Harry Potter and the Goblet of Fire,Harry Potter et la Coupe de feu,https://image.tmdb.org/t/p/w500/fECBtHlr0RB3foNHDiCBXeg9Bv9.jpg,"Adventure, Fantasy",Mike Newell,https://image.tmdb.org/t/p/w185/zeLnvLZtyJaBP1wWceRM7HWkm0E.jpg,Daniel Radcliffe,https://image.tmdb.org/t/p/w185/iPg0J9UzAlPj1fLEJNllpW9IhGe.jpg,2005
Toy Story,Toy Story,https://image.tmdb.org/t/p/w500/uXDfjJbdP4ijW5hWSBrPrlKpxab.jpg,"Animation, Adventure, Family, Comedy",John Lasseter,https://image.tmdb.org/t/p/w185/7EdqiNbr4FRjIhKHyPPdFfEEEFG.jpg,Tom Hanks,https://image.tmdb.org/t/p/w185/eKF1sGJRrZJbfBG1KirPt1cfNd3.jpg,1995
Black Panther,Black Panther,https://image.tmdb.org/t/p/w500/uxzzxijgPIY7slzFvMotPv8wjKA.jpg,"Action, Adventure, Science Fiction",Ryan Coogler,https://image.tmdb.org/t/p/w185/dux4DCDaL6c639DTXGiV7nm1wcN.jpg,Chadwick Boseman,https://image.tmdb.org/t/p/w185/nL16SKfyP1b7Hk6LsuWiqMfbdb8.jpg,2018
Pride & Prejudice,Orgueil et Préjugés,https://image.tmdb.org/t/p/w500/sGjIvtVvTlWnia2zfJfHz81pZ9Q.jpg,"Drama, Romance",Joe Wright,https://image.tmdb.org/t/p/w185/1qA8HudSIwIr7ZdxwfQAgubsDO.jpg,Keira Knightley,https://image.tmdb.org/t/p/w185/bRC1B2VwV0wK3ElciFAK6QZf2wD.jpg,2005
The Lion King,Le Roi lion,https://image.tmdb.org/t/p/w500/sKCr78MXSLixwmZ8DyJLrpMsd15.jpg,"Family, Animation, Drama",Roger Allers,https://image.tmdb.org/t/p/w185/sdFyM5FNcJuMv7knrz6swaIHXIJ.jpg,Matthew Broderick,https://image.tmdb.org/t/p/w185/8jO89WNvQRTFUrgXuIGOiTRwbYg.jpg,1994
Se7en,Seven,https://image.tmdb.org/t/p/w500/191nKfP0ehp3uIvWqgPbFmI4lv9.jpg,"Crime, Mystery, Thriller",David Fincher,https://image.tmdb.org/t/p/w185/tpEczFclQZeKAiCeKZZ0adRvtfz.jpg,Morgan Freeman,https://image.tmdb.org/t/p/w185/jPsLqiYGSofU4s6BjrxnefMfabb.jpg,1995
Harry Potter and the Prisoner of Azkaban,Harry Potter et le Prisonnier d'Azkaban,https://image.tmdb.org/t/p/w500/aWxwnYoe8p2d2fcxOqtvAtJ72Rw.jpg,"Adventure, Fantasy",Alfonso Cuarón,https://image.tmdb.org/t/p/w185/gaHhrzPfxfc3cbQLkDt54gtP3n1.jpg,Daniel Radcliffe,https://image.tmdb.org/t/p/w185/iPg0J9UzAlPj1fLEJNllpW9IhGe.jpg,2004
Spider-Man,Spider-Man,https://image.tmdb.org/t/p/w500/gh4cZbhZxyTbgxQPxD0dOudNPTn.jpg,"Action, Science Fiction",Sam Raimi,https://image.tmdb.org/t/p/w185/8gssvwiPrFRuFRlr5ruKx68k1Jl.jpg,Tobey Maguire,https://image.tmdb.org/t/p/w185/ncF4HivY2W6SQW5dEP3N3I4mfT0.jpg,2002
Star Wars: Episode III - Revenge of the Sith,"Star Wars, épisode III - La Revanche des Sith",https://image.tmdb.org/t/p/w500/xfSAoBEm9MNBjmlNcDYLvLSMlnq.jpg,"Adventure, Action, Science Fiction",George Lucas,https://image.tmdb.org/t/p/w185/mDLDvsx8PaZoEThkBdyaG1JxPdf.jpg,Hayden Christensen,https://image.tmdb.org/t/p/w185/hqEgJYEUvZvL9ytmmiYBbbt63qd.jpg,2005
John Wick: Chapter 4,John Wick : Chapitre 4,https://image.tmdb.org/t/p/w500/vZloFAK7NmvMGKE7VkF5UHaz0I.jpg,"Action, Thriller, Crime",Chad Stahelski,https://image.tmdb.org/t/p/w185/eRCryGwKDH4XqUlrdkERmeBWPo8.jpg,Keanu Reeves,https://image.tmdb.org/t/p/w185/8RZLOyYGsoRe9p44q3xin9QkMHv.jpg,2023
Harry Potter and the Chamber of Secrets,Harry Potter et la Chambre des secrets,https://image.tmdb.org/t/p/w500/sdEOH0992YZ0QSxgXNIGLq1ToUi.jpg,"Adventure, Fantasy",Chris Columbus,https://image.tmdb.org/t/p/w185/yCyEz90NqjEXKZ7HYcEhDXlLlPc.jpg,Daniel Radcliffe,https://image.tmdb.org/t/p/w185/iPg0J9UzAlPj1fLEJNllpW9IhGe.jpg,2002
Oppenheimer,Oppenheimer,https://image.tmdb.org/t/p/w500/8Gxv8gSFCU0XGDykEGv7zR1n2ua.jpg,"Drama, History",Christopher Nolan,https://image.tmdb.org/t/p/w185/xuAIuYSmsUzKlUMBFGVZaWsY3DZ.jpg,Cillian Murphy,https://image.tmdb.org/t/p/w185/llkbyWKwpfowZ6C8peBjIV9jj99.jpg,2023
Avengers: Age of Ultron,Avengers : L'Ère d'Ultron,https://image.tmdb.org/t/p/w500/4ssDuvEDkSArWEdyBl2X5EHvYKU.jpg,"Action, Adventure, Science Fiction",Joss Whedon,https://image.tmdb.org/t/p/w185/mVvpZnKYKSCtkOQixQnOonV5kv3.jpg,Robert Downey Jr.,https://image.tmdb.org/t/p/w185/5qHNjhtjMD4YWH3UP0rm4tKwxCL.jpg,2015
Fast X,Fast & Furious X,https://image.tmdb.org/t/p/w500/fiVW06jE7z9YnO4trhaMEdclSiC.jpg,"Action, Crime, Thriller, Adventure, Mystery",Louis Leterrier,https://image.tmdb.org/t/p/w185/bpqqRRyCLeoAup2OAv1Dtm5C8Tn.jpg,Vin Diesel,https://image.tmdb.org/t/p/w185/nZdVry7lnUkE24PnXakok9okvL4.jpg,2023
Transformers: The Last Knight,Transformers : The Last Knight,https://image.tmdb.org/t/p/w500/s5HQf2Gb3lIO2cRcFwNL9sn1o1o.jpg,"Action, Adventure, Science Fiction",Michael Bay,https://image.tmdb.org/t/p/w185/rkC7lei20x5xlFH4SivAXXBh6uR.jpg,Mark Wahlberg,https://image.tmdb.org/t/p/w185/bTEFpaWd7A6AZVWOqKKBWzKEUe8.jpg,2017
"Monsters, Inc.",Monstres & Cie,https://image.tmdb.org/t/p/w500/qjlbN6aK1qgeg3SspFVovT2D1Me.jpg,"Animation, Comedy, Family",Pete Docter,https://image.tmdb.org/t/p/w185/vITDphkNpSn1LP5gUEheAnlclnl.jpg,John Goodman,https://image.tmdb.org/t/p/w185/yyYqoyKHO7hE1zpgEV2XlqYWcNV.jpg,2001
The Avengers,Avengers,https://image.tmdb.org/t/p/w500/RYMX2wcKCBAr24UyPD7xwmjaTn.jpg,"Science Fiction, Action, Adventure",Joss Whedon,https://image.tmdb.org/t/p/w185/mVvpZnKYKSCtkOQixQnOonV5kv3.jpg,Robert Downey Jr.,https://image.tmdb.org/t/p/w185/5qHNjhtjMD4YWH3UP0rm4tKwxCL.jpg,2012
Parasite,Parasite,https://image.tmdb.org/t/p/w500/7IiTTgloJzvGI1TAYymCfbfl3vT.jpg,"Comedy, Thriller, Drama",Bong Joon Ho,https://image.tmdb.org/t/p/w185/tKLJBqbdH6HFj2QxLA5o8Zk7IVs.jpg,Song Kang-ho,https://image.tmdb.org/t/p/w185/7dw9wIpFZ5nJZ3zqrue8t7hUUgQ.jpg,2019
Twilight,"Twilight, chapitre 1 : Fascination",https://image.tmdb.org/t/p/w500/3Gkb6jm6962ADUPaCBqzz9CTbn9.jpg,"Fantasy, Drama, Romance",Catherine Hardwicke,https://image.tmdb.org/t/p/w185/AcuShXY2w2soOxgpMjRjir40rq6.jpg,Kristen Stewart,https://image.tmdb.org/t/p/w185/ryhCjTGqS6G6OprbR0qUEH355lA.jpg,2008
Migration,Migration,https://image.tmdb.org/t/p/w500/dpXxBDi0ut5svjh5fbAqLoaJSq8.jpg,"Animation, Adventure, Comedy, Family",Benjamin Renner,https://image.tmdb.org/t/p/w185/yp4ucXRYU5TdMj16glyoYYoxJcw.jpg,Kumail Nanjiani,https://image.tmdb.org/t/p/w185/9EyrK1Cv7ey1h1GgmsVAOn45w6G.jpg,2023
Black Panther: Wakanda Forever,Black Panther : Wakanda Forever,https://image.tmdb.org/t/p/w500/sv1xJUazXeYqALzczSZ3O6nkH75.jpg,"Action, Adventure, Science Fiction",Ryan Coogler,https://image.tmdb.org/t/p/w185/dux4DCDaL6c639DTXGiV7nm1wcN.jpg,Letitia Wright,https://image.tmdb.org/t/p/w185/f7PevpEeBqwzACPhoZ8K3ktrKvE.jpg,2022
A Simple Favor,L'Ombre d'Emily,https://image.tmdb.org/t/p/w500/aIYsjQM0piKc0ibPBCTWv3sqshj.jpg,"Thriller, Crime, Comedy",Paul Feig,https://image.tmdb.org/t/p/w185/mE3eFY3gq1UQ7Rj2He2YbZ7PFya.jpg,Anna Kendrick,https://image.tmdb.org/t/p/w185/yirl6fEmeXY5xcvJw3nTcCNq9Cw.jpg,2018
The Passion of the Christ,La Passion du Christ,https://image.tmdb.org/t/p/w500/v9f9MMrq2nGQrN7cHnQRmEq9lSE.jpg,Drama,Mel Gibson,https://image.tmdb.org/t/p/w185/bLzZZRyAsGJvQqsQ1hdptv93aIL.jpg,Jim Caviezel,https://image.tmdb.org/t/p/w185/3dwavYsGYA6zzzipfdLIHbudIZW.jpg,2004
Tangled,Raiponce,https://image.tmdb.org/t/p/w500/ym7Kst6a4uodryxqbGOxmewF235.jpg,"Animation, Family, Adventure",Nathan Greno,https://image.tmdb.org/t/p/w185/eFE9odW9uzWAGomGFmmusxJT1Ee.jpg,Mandy Moore,https://image.tmdb.org/t/p/w185/1Z5yJ6FUsEtlVZzpyzOpfzvcpcm.jpg,2010
Transformers: Rise of the Beasts,Transformers : Rise of the Beasts,https://image.tmdb.org/t/p/w500/gPbM0MK8CP8A174rmUwGsADNYKD.jpg,"Science Fiction, Adventure, Action",Steven Caple Jr.,https://image.tmdb.org/t/p/w185/aU8p958QyhfV2jurc3L5pn7sN6L.jpg,Anthony Ramos,https://image.tmdb.org/t/p/w185/2Stnm8PQI7xHkVwINb4MhS7LOuR.jpg,2023
The Super Mario Bros. Movie,Super Mario Bros. le film,https://image.tmdb.org/t/p/w500/qNBAXBIQlnOThrVvA6mA2B5ggV6.jpg,"Family, Comedy, Adventure, Animation",Aaron Horvath,https://image.tmdb.org/t/p/w185/6AOmWzdJas3xh0xJOk1mHPstNs2.jpg,Chris Pratt,https://image.tmdb.org/t/p/w185/cRH6HPAQ98PlOwwEvhYO4CM9lwu.jpg,2023
Spider-Man: Across the Spider-Verse,Spider-Man : Across the Spider-Verse,https://image.tmdb.org/t/p/w500/8Vt6mWEReuy4Of61Lnj5Xj704m8.jpg,"Animation, Action, Adventure, Science Fiction",Kemp Powers,https://image.tmdb.org/t/p/w185/oE4TcENMQw25t4UTAjrnl0m4JyH.jpg,Shameik Moore,https://image.tmdb.org/t/p/w185/4aNOTCa6q2HKTgyJj14BqDpVClC.jpg,2023
